global_step,eval_loss,train_loss
503,0.20949288868698582,0.1707756072282791
1006,0.18592780936380912,0.1971379816532135
1509,0.18253292639193863,0.04411577433347702
