global_step,eval_loss,train_loss
503,0.20861362632492492,0.16275566816329956
1006,0.18455716353552096,0.20778554677963257
1509,0.18164763340148432,0.057947829365730286
